timestamp,endpoint,responseTime,status
2025-12-20T08:15:30Z,/login,120,200
2025-12-20T08:16:05Z,/home,50,200
2025-12-20T08:17:10Z,/api/data,200,500
2025-12-20T08:17:45Z,/login,110,200
2025-12-20T08:18:00Z,/profile,80,200
2025-12-20T08:18:30Z,/api/data,190,200
2025-12-20T08:19:15Z,/home,60,200
2025-12-20T08:20:00Z,/login,130,503
2025-12-20T08:20:45Z,/api/data,210,200
2025-12-20T08:21:30Z,/profile,95,200
2025-12-20T08:22:00Z,/home,55,200
2025-12-20T08:22:45Z,/login,125,200
2025-12-20T08:23:15Z,/api/data,180,500
2025-12-20T08:24:00Z,/profile,85,200
2025-12-20T08:24:30Z,/home,50,200
2025-12-01T08:03:12Z,/login,120,200
2025-12-01T08:05:43Z,/home,50,200
2025-12-01T08:06:20Z,/api/data,210,500
2025-12-01T08:06:55Z,/profile,80,200
2025-12-01T08:07:12Z,/settings,150,403
2025-12-01T08:07:30Z,/login,110,200
2025-12-01T08:08:05Z,/logout,60,200
2025-12-01T08:08:45Z,/home,55,200
2025-12-01T08:09:10Z,/api/data,190,200
2025-12-01T08:09:50Z,/profile,95,401
2025-02-25T19:12:01Z,/api/data,97,403
2025-01-20T03:48:54Z,/home,52,200
2025-12-20T11:25:56Z,/api/url,38,403
2025-07-26T21:30:53Z,/api/url,73,200
2025-02-21T19:40:01Z,/api/r/url,84,304
2025-10-22T22:03:24Z,/login,96,401
2025-07-21T19:04:32Z,/login,60,500
2025-05-06T14:23:48Z,/api/url,52,500
2025-09-17T20:52:09Z,/api/url,74,500
2025-01-29T22:33:50Z,/home,60,403
2025-04-27T11:31:31Z,/home,75,304
2025-12-20T21:23:53Z,/api/url,94,304
2025-07-30T15:18:40Z,/login,100,403
2025-05-22T12:32:47Z,/login,70,200
2025-09-30T08:00:35Z,/profile,44,304
2025-04-26T08:49:41Z,/login,41,500
2025-01-06T23:25:03Z,/api/data,68,304
2025-11-16T01:11:44Z,/api/url,68,304
2025-03-16T19:28:20Z,/home,83,200
2025-01-01T07:14:58Z,/profile,62,401
2025-10-31T02:20:36Z,/login,82,304
2025-01-21T03:15:30Z,/login,53,403
2025-06-13T02:22:29Z,/home,88,500
2025-04-26T04:40:06Z,/api/url,85,304
2025-11-11T08:44:39Z,/api/data,83,200
2025-08-03T10:04:04Z,/api/data,75,401
2025-06-27T00:08:39Z,/api/data,33,304
2025-06-05T03:49:47Z,/login,44,500
2025-06-15T04:53:02Z,/api/r/url,62,200
2025-09-26T21:04:16Z,/api/r/url,71,500
2025-06-06T04:32:51Z,/api/url,41,200
2025-05-07T08:31:26Z,/api/data,89,304
2025-01-15T10:56:48Z,/api/url,72,304
2025-11-29T08:51:29Z,/home,67,403
2025-11-06T07:46:09Z,/home,59,304
2025-10-16T14:25:22Z,/api/data,71,401
2025-08-09T12:00:52Z,/api/data,56,403
2025-08-12T18:38:41Z,/login,48,304
2025-06-24T17:39:55Z,/home,59,500
2025-09-04T06:47:08Z,/api/data,46,304
2025-03-01T12:14:23Z,/login,86,403
2025-01-07T16:49:17Z,/api/r/url,81,200
2025-11-20T22:57:36Z,/api/data,30,403
2025-07-10T23:49:48Z,/login,58,200
2025-02-06T03:59:18Z,/login,75,304
2025-01-27T04:11:17Z,/login,38,200
2025-04-28T23:50:31Z,/api/r/url,32,304
2025-02-01T04:16:44Z,/api/r/url,39,304
2025-09-12T03:40:13Z,/home,63,403
2025-07-12T00:11:21Z,/api/data,38,304
2025-07-25T21:50:22Z,/profile,69,401
2025-04-04T00:34:06Z,/home,77,403
2025-04-28T07:02:50Z,/home,61,500
2025-08-14T19:17:23Z,/login,59,401
2025-07-10T05:18:46Z,/profile,31,500
2025-01-08T06:37:24Z,/login,78,403
2025-10-28T00:05:02Z,/home,62,401
2025-05-17T23:13:27Z,/login,77,403
2025-11-06T21:36:54Z,/home,97,304
2025-10-28T00:27:35Z,/home,97,401
2025-04-11T14:10:40Z,/api/data,76,403
2025-08-29T03:36:30Z,/api/url,68,401
2025-11-23T23:46:43Z,/login,100,403
2025-06-13T16:17:48Z,/api/r/url,44,401
2025-09-11T21:55:48Z,/profile,64,304
2025-10-11T04:35:27Z,/api/url,61,500
2025-03-10T21:42:16Z,/api/data,59,403
2025-02-05T14:10:12Z,/login,32,500
2025-02-20T04:02:53Z,/login,73,500
2025-02-12T17:04:34Z,/home,75,403
2025-03-24T14:43:22Z,/login,79,500
2025-02-20T19:35:53Z,/api/data,51,403
2025-03-05T03:06:24Z,/profile,56,403
2025-02-04T10:29:44Z,/api/r/url,33,401
2025-05-28T03:08:51Z,/api/data,52,403
2025-11-11T13:03:33Z,/home,84,500
2025-07-31T08:59:54Z,/api/r/url,98,500
2025-12-06T16:00:59Z,/profile,72,500
2025-12-02T11:36:36Z,/home,42,403
2025-09-22T00:23:24Z,/api/data,99,403
2025-03-25T06:45:25Z,/login,91,200
2025-09-02T12:25:09Z,/login,100,500
2025-06-30T14:38:27Z,/api/url,36,304
2025-08-11T11:04:59Z,/profile,43,403
2025-04-26T04:01:18Z,/login,63,403
2025-11-19T02:33:11Z,/api/r/url,86,500
2025-05-21T13:07:24Z,/login,69,200
2025-06-01T11:52:07Z,/profile,44,401
2025-11-03T07:35:57Z,/api/url,38,200
2025-01-05T17:48:13Z,/api/url,87,200
2025-11-08T11:31:23Z,/api/data,68,200
2025-03-18T23:06:11Z,/api/url,84,200
2025-10-17T15:22:35Z,/api/data,38,500
2025-08-10T18:00:55Z,/api/r/url,51,200
2025-12-15T05:40:09Z,/home,48,401
2025-07-13T05:02:08Z,/api/data,98,304
2025-04-11T06:26:48Z,/profile,31,304
2025-02-06T17:27:23Z,/login,97,500
2025-06-09T23:38:45Z,/api/url,67,401
2025-06-26T07:11:29Z,/home,69,500
2025-03-21T09:09:27Z,/api/url,35,500
2025-09-10T21:04:05Z,/api/data,61,401
2025-08-13T14:20:41Z,/api/url,89,500
2024-12-26T01:08:27Z,/api/data,94,403
2025-01-04T17:59:22Z,/login,97,401
2025-10-13T04:50:38Z,/login,96,200
2025-04-29T10:52:17Z,/login,65,500
2025-01-09T20:53:52Z,/api/data,46,401
2025-04-02T12:58:19Z,/home,69,401
2025-07-27T17:46:42Z,/api/url,72,500
2025-01-01T08:51:41Z,/profile,100,304
2025-05-23T23:33:51Z,/api/data,39,401
2025-01-14T19:42:03Z,/home,40,200
2025-04-08T20:36:33Z,/api/r/url,64,403
2025-07-04T16:07:48Z,/home,91,403
2025-03-05T18:01:53Z,/home,77,500
2025-09-30T03:53:01Z,/profile,34,500
2025-11-23T11:54:18Z,/login,88,403
2025-07-14T22:11:57Z,/login,59,200
2025-01-10T14:47:34Z,/api/data,30,304
2025-05-14T16:46:11Z,/profile,93,403
2025-10-16T21:37:28Z,/login,51,401
2025-03-14T18:24:00Z,/login,100,200
2025-06-01T02:30:57Z,/api/data,38,200
2025-09-17T16:31:10Z,/api/data,88,500
2025-08-30T11:15:10Z,/profile,59,403
2025-01-10T11:01:32Z,/home,95,200
2025-02-03T13:42:14Z,/profile,93,500
2025-04-02T03:54:03Z,/api/url,41,200
2025-10-10T04:33:48Z,/login,89,304
2025-09-07T15:50:11Z,/home,73,403
2025-02-01T03:21:24Z,/profile,54,200
2025-01-25T23:56:20Z,/home,87,403
2025-11-06T02:22:25Z,/api/url,100,304
2025-01-26T08:48:11Z,/login,81,500
2025-06-23T00:18:46Z,/profile,30,200
2025-07-01T17:31:56Z,/home,47,200
2025-05-13T09:04:56Z,/profile,68,200
2025-04-27T18:45:58Z,/api/data,90,401
2025-11-06T15:22:54Z,/api/r/url,47,403
2025-08-27T04:09:57Z,/api/data,32,200
2025-11-07T05:44:02Z,/api/r/url,74,200
2025-06-15T10:20:44Z,/home,59,200
2025-11-21T22:28:02Z,/api/r/url,76,401
2025-08-09T12:59:33Z,/api/data,47,403
2025-12-12T14:44:51Z,/login,92,401
2025-02-06T14:22:11Z,/profile,63,500
2025-04-04T12:52:21Z,/profile,84,304
2025-10-16T16:04:26Z,/api/data,59,401
2025-05-13T00:10:31Z,/api/url,40,304
2025-11-12T21:09:24Z,/login,70,401
2025-01-12T21:30:39Z,/login,95,500
2025-06-10T06:13:45Z,/api/data,35,304
2025-03-19T10:17:49Z,/home,77,401
2025-04-25T08:16:45Z,/home,61,304
2025-08-28T12:09:20Z,/home,62,200
2025-07-11T10:12:59Z,/api/r/url,57,200
2025-10-14T21:58:22Z,/login,32,304
2025-07-19T10:01:31Z,/profile,40,403
2025-04-04T23:55:42Z,/api/url,77,401
2025-02-28T14:26:38Z,/api/r/url,46,403
2025-04-19T13:00:29Z,/api/url,55,304
2025-06-22T03:42:51Z,/api/url,84,304
2025-06-06T04:33:12Z,/login,79,403
2025-04-02T12:01:35Z,/api/url,41,403
2025-11-16T18:49:17Z,/api/url,75,500
2025-10-21T23:25:23Z,/profile,32,403
2025-05-11T12:09:36Z,/login,35,304
2025-02-14T19:18:18Z,/profile,62,401
2025-10-10T17:36:13Z,/api/r/url,51,401
2025-03-29T23:53:23Z,/api/data,78,500
2025-08-02T19:51:03Z,/home,51,401
2025-01-31T00:10:44Z,/api/data,51,401
2025-07-18T04:13:31Z,/home,85,401
2025-03-16T11:51:38Z,/api/r/url,86,500
2025-07-25T13:34:56Z,/api/r/url,81,200
2025-08-27T16:36:17Z,/api/url,94,500
2025-01-16T11:01:43Z,/login,89,401
2025-05-11T05:22:42Z,/api/data,58,500
2025-04-26T18:53:09Z,/api/r/url,80,304
2025-03-17T23:58:32Z,/home,40,500
2025-01-20T16:08:30Z,/home,43,500
2025-05-26T04:11:37Z,/api/data,99,304
2025-12-03T20:06:09Z,/api/r/url,81,304
2025-09-22T23:14:52Z,/api/url,71,500
2025-07-15T07:45:45Z,/login,58,401
2025-05-19T02:21:14Z,/api/data,90,304
2025-05-08T09:37:35Z,/home,63,200
2025-05-12T04:56:49Z,/api/data,59,304
2024-12-26T05:53:13Z,/home,73,500
2024-12-23T21:06:27Z,/profile,94,403
2025-03-29T02:34:02Z,/api/data,66,403
2025-04-03T10:38:01Z,/api/url,87,401
2025-11-22T20:34:06Z,/api/data,79,403
2025-01-09T19:47:01Z,/home,37,200
2025-04-21T22:57:33Z,/api/data,73,401
2025-08-07T19:21:04Z,/api/url,85,200
2025-11-23T05:23:38Z,/login,47,500
2025-09-13T04:50:23Z,/api/data,53,403
2025-05-29T06:05:19Z,/profile,96,304
2025-10-03T03:00:15Z,/api/url,82,200
2025-08-06T22:09:21Z,/api/url,35,401
2025-02-12T00:26:30Z,/home,64,304
2025-08-17T03:59:35Z,/profile,57,403
2025-08-05T03:20:56Z,/api/data,43,200
2025-09-27T09:08:19Z,/api/url,97,401
2025-09-01T20:43:52Z,/api/data,51,500
2025-07-24T11:45:31Z,/api/data,67,401
2025-02-14T23:18:13Z,/api/r/url,39,304
2025-11-30T21:11:28Z,/home,64,401
2025-11-24T08:22:23Z,/api/url,84,403
2025-07-24T07:14:28Z,/home,55,401
2025-11-01T13:40:01Z,/api/data,66,200
2025-02-11T10:30:34Z,/login,78,401
2025-02-12T12:03:19Z,/profile,95,200
2025-06-13T04:03:39Z,/home,37,200
2025-10-31T21:00:12Z,/api/url,84,304
2025-01-25T17:28:29Z,/api/url,84,403
2025-04-10T14:22:30Z,/login,44,500
2025-08-17T00:32:35Z,/api/r/url,41,500
2025-12-19T11:41:17Z,/profile,47,403
2025-09-25T23:07:53Z,/home,85,304
2025-08-23T08:36:31Z,/profile,79,200
2025-06-30T06:34:46Z,/api/r/url,79,403
2025-08-13T11:43:21Z,/home,81,401
2025-11-11T11:57:24Z,/api/url,88,401
2025-12-10T15:24:26Z,/home,85,401
2025-07-14T16:41:15Z,/login,90,401
2025-09-21T06:21:10Z,/home,41,304
2025-01-02T22:24:25Z,/login,30,304
2025-12-18T00:54:05Z,/api/data,46,304
2025-08-28T00:24:47Z,/profile,55,304
2024-12-22T06:53:33Z,/home,78,200
2025-12-07T23:13:31Z,/home,65,200
2025-11-05T21:15:20Z,/api/url,100,403
2025-08-01T13:34:23Z,/profile,56,401
2025-09-21T14:26:35Z,/api/data,100,304
2025-04-15T18:41:24Z,/home,30,403
2025-07-12T09:24:51Z,/login,92,401
2025-09-13T17:25:13Z,/api/r/url,77,403
2025-04-01T22:27:27Z,/api/r/url,60,403
2025-02-16T13:54:24Z,/profile,52,200
2025-10-03T13:04:39Z,/profile,72,304
2025-07-25T04:43:31Z,/api/url,32,500
2025-05-28T10:42:19Z,/api/r/url,82,401
2025-11-11T16:49:53Z,/profile,78,403
2025-06-03T07:53:49Z,/api/url,35,500
2024-12-25T09:37:42Z,/home,30,500
2025-08-15T23:05:16Z,/api/r/url,72,403
2025-11-11T07:38:19Z,/api/r/url,100,500
2025-12-09T01:54:01Z,/api/r/url,52,200
2025-07-23T13:39:05Z,/api/url,96,403
2025-05-01T14:49:38Z,/profile,35,500
2025-11-24T11:53:06Z,/profile,44,500
2025-02-08T11:21:02Z,/profile,63,401
2025-07-29T18:17:08Z,/home,85,401
2025-08-11T11:56:58Z,/home,51,401
2025-06-26T01:33:47Z,/api/data,91,401
2025-01-06T00:43:43Z,/api/data,96,200
2025-03-19T08:36:27Z,/api/url,35,401
2025-08-12T16:59:53Z,/login,76,500
2025-05-04T03:53:48Z,/api/r/url,86,500
2025-11-24T07:08:27Z,/api/r/url,65,401
2025-07-12T00:00:18Z,/api/r/url,61,401
2025-04-10T12:54:25Z,/api/data,60,401
2025-03-17T06:27:22Z,/api/r/url,71,200
2025-06-09T08:40:02Z,/login,75,200
2025-03-22T19:21:28Z,/api/url,42,403
2025-11-02T12:02:36Z,/api/data,33,200
2025-08-14T12:58:23Z,/api/data,89,401
2025-05-26T03:28:32Z,/api/r/url,51,500
2025-02-11T12:31:33Z,/home,54,304
2025-01-04T13:28:40Z,/api/url,59,403
2025-03-16T13:40:48Z,/api/data,44,403
2025-11-27T21:49:22Z,/api/url,52,304
2025-03-24T00:02:29Z,/api/r/url,35,500
2025-09-18T13:55:56Z,/login,95,500
2025-03-11T03:34:49Z,/api/data,42,304
2025-04-24T12:31:34Z,/login,42,500
2025-10-20T05:35:56Z,/home,68,403
2025-02-13T21:59:02Z,/profile,53,200
2025-08-21T11:49:50Z,/api/url,71,304
2025-07-05T04:36:29Z,/api/r/url,75,403
2025-08-12T03:24:45Z,/login,34,403
2025-10-27T18:38:30Z,/api/url,70,304
2025-05-24T00:44:26Z,/login,50,304
2025-07-04T08:33:55Z,/api/data,99,200
2025-12-12T17:12:13Z,/profile,54,200
2024-12-31T11:17:42Z,/profile,93,304
2025-01-17T08:42:38Z,/api/data,92,403
2025-06-28T18:51:31Z,/profile,30,500
2025-05-29T07:17:46Z,/home,50,200
2025-03-08T00:19:46Z,/home,57,200
2025-12-03T00:12:45Z,/login,62,403
2025-11-08T21:19:04Z,/home,77,403
2025-05-06T02:25:25Z,/home,53,500
2025-06-30T06:47:42Z,/home,90,200
2025-04-01T07:18:55Z,/api/url,79,304
2025-11-23T20:55:39Z,/api/r/url,34,500
2025-04-15T23:56:11Z,/api/url,45,304
2025-01-02T02:46:03Z,/api/url,64,401
2025-06-27T04:41:58Z,/api/r/url,63,200
2025-10-16T01:01:12Z,/home,80,304
2025-01-03T09:06:21Z,/api/r/url,32,403
2025-07-17T23:32:56Z,/login,87,304
2025-04-06T16:53:13Z,/profile,43,403
2025-07-30T13:11:55Z,/api/data,53,401
2025-02-02T06:32:53Z,/profile,31,403
2025-10-15T19:51:28Z,/login,40,200
2025-06-05T20:37:06Z,/login,68,500
2025-11-17T16:58:23Z,/api/url,52,200
2025-05-31T01:42:19Z,/profile,69,401
2025-01-03T09:38:29Z,/profile,50,200
2025-04-18T10:19:25Z,/api/data,92,200
2025-11-06T20:21:54Z,/home,30,500
2025-04-02T09:45:45Z,/profile,96,200
2025-04-07T21:12:53Z,/login,93,304
2025-08-15T20:18:39Z,/profile,92,401
2025-01-28T02:09:27Z,/home,67,401
2025-12-01T12:19:24Z,/profile,63,200
2025-02-17T18:08:30Z,/api/data,75,200
2025-06-24T07:27:20Z,/login,31,401
2025-12-13T13:08:42Z,/home,77,500
2025-05-23T08:51:13Z,/profile,89,304
2025-11-16T07:52:42Z,/api/data,95,304
2025-06-17T07:18:04Z,/api/data,37,401
2025-05-29T13:13:02Z,/home,52,500
2025-11-06T11:10:45Z,/profile,88,500
2025-06-17T00:20:23Z,/api/url,97,200
2025-02-22T01:53:01Z,/login,64,200
2024-12-23T22:18:11Z,/home,67,403
2025-08-11T11:50:05Z,/home,78,401
2025-06-12T16:57:11Z,/api/r/url,56,403
2025-10-26T00:26:47Z,/api/r/url,85,401
2025-09-06T07:47:20Z,/profile,87,304
2025-05-16T10:00:52Z,/profile,86,403
2025-07-03T23:05:47Z,/login,93,304
2025-05-20T02:11:17Z,/home,49,403
2025-07-25T07:55:02Z,/login,39,401
2025-03-24T17:57:00Z,/api/r/url,91,403
2025-09-12T01:53:48Z,/profile,37,304
2025-01-15T05:19:59Z,/login,57,401
2025-04-07T00:41:07Z,/profile,46,401
2025-03-18T17:49:45Z,/home,69,200
2025-09-11T00:54:41Z,/profile,76,500
2025-05-05T05:35:24Z,/api/url,100,401
2025-02-20T11:06:46Z,/login,54,304
2025-02-15T23:23:11Z,/api/data,40,401
2025-06-30T07:25:46Z,/home,63,401
2025-01-20T00:43:40Z,/api/url,92,304
2025-04-08T17:44:41Z,/api/data,79,304
2025-10-31T04:08:21Z,/home,91,401
2025-01-06T09:54:04Z,/login,40,401
2025-12-12T21:30:40Z,/login,55,401
2025-08-14T13:12:35Z,/api/r/url,62,403
2024-12-24T23:39:21Z,/api/url,35,500
2025-04-10T03:15:37Z,/api/r/url,72,200
2025-08-02T22:27:31Z,/home,65,401
2025-05-16T18:09:08Z,/profile,94,500
2025-04-22T12:28:12Z,/profile,84,304
2025-04-03T02:10:12Z,/login,90,403
2025-07-27T12:48:33Z,/home,51,200
2025-07-18T22:18:11Z,/api/r/url,80,304
2025-02-19T04:03:46Z,/login,100,401
2025-12-16T21:14:09Z,/profile,63,304
2025-04-03T11:06:31Z,/api/data,49,401
2025-10-31T09:41:10Z,/login,57,401
2025-06-04T23:49:50Z,/api/r/url,45,500
2025-01-23T21:35:52Z,/api/url,65,200
2025-09-21T18:58:00Z,/login,71,304
2025-01-27T21:46:43Z,/profile,88,403
2025-11-09T12:41:18Z,/home,57,304
2025-11-10T07:12:42Z,/home,85,403
2025-06-10T12:03:29Z,/api/r/url,42,304
2025-03-22T22:51:09Z,/home,57,200
2025-07-30T20:29:22Z,/api/url,99,403
2025-07-28T05:17:22Z,/login,89,500
2025-02-16T13:25:09Z,/login,75,500
2025-08-12T23:24:37Z,/api/data,31,403
2025-09-28T13:35:18Z,/profile,76,304
2025-06-14T16:48:32Z,/api/url,68,401
2025-10-07T12:09:09Z,/api/url,55,403
2025-06-08T01:39:39Z,/profile,50,500
2025-05-27T12:34:14Z,/api/data,44,200
2025-01-08T10:22:17Z,/api/data,39,401
2025-02-03T17:14:49Z,/api/data,93,403
2025-03-30T00:01:37Z,/api/r/url,89,401
2025-10-04T08:57:01Z,/home,62,401
2025-10-20T00:58:19Z,/profile,67,401
2025-02-08T09:57:23Z,/home,75,200
2025-02-15T17:20:47Z,/api/data,71,401
2025-03-23T02:43:33Z,/home,78,304
2025-06-11T18:18:30Z,/api/data,36,200
2025-08-10T00:00:17Z,/login,52,500
2025-04-06T03:08:03Z,/api/r/url,57,403
2025-08-18T20:11:52Z,/home,35,200
2025-01-26T17:36:35Z,/api/r/url,86,401
2025-06-27T18:04:34Z,/profile,41,200
2025-01-29T19:46:52Z,/api/data,95,401
2025-03-10T07:46:48Z,/api/url,98,200
2025-06-26T17:49:00Z,/login,98,401
2025-08-01T02:14:47Z,/api/data,38,403
2025-05-22T10:23:46Z,/profile,74,403
2025-07-18T16:05:49Z,/api/url,49,304
2025-04-18T18:27:50Z,/api/r/url,39,401
2025-01-29T23:32:16Z,/home,76,401
2025-02-24T06:27:22Z,/login,65,500
2025-05-10T20:20:59Z,/api/url,31,500
2025-01-13T14:38:25Z,/api/r/url,45,403
2025-02-04T13:50:44Z,/api/url,34,403
2025-01-16T20:18:20Z,/api/data,64,304
2025-11-08T07:02:51Z,/home,91,500
2025-11-27T17:54:56Z,/api/data,37,304
2025-02-09T15:33:15Z,/login,77,304
2025-11-25T03:44:42Z,/api/r/url,71,304
2025-02-18T00:54:01Z,/home,31,500
2025-09-10T07:51:54Z,/login,41,500
2025-01-28T03:19:33Z,/home,38,401
2025-01-09T15:59:53Z,/api/url,59,401
2024-12-30T10:31:36Z,/api/data,96,403
2025-11-13T10:21:44Z,/api/data,32,403
2025-10-07T02:20:36Z,/profile,70,403
2025-10-21T01:34:45Z,/api/r/url,70,500
2025-12-19T14:46:39Z,/profile,50,401
2025-05-28T20:09:59Z,/api/r/url,42,200
2025-01-24T18:59:50Z,/profile,74,200
2025-12-06T16:18:20Z,/profile,82,500
2025-11-17T11:54:18Z,/api/data,30,304
2025-09-06T21:34:56Z,/api/r/url,44,403
2025-05-11T20:20:47Z,/api/r/url,35,500
2025-06-28T15:00:24Z,/api/r/url,89,200
2025-05-02T07:54:59Z,/login,65,304
2025-10-31T15:53:00Z,/profile,53,401
2025-08-22T16:37:59Z,/home,83,403
2025-03-01T03:37:20Z,/profile,66,403
2025-11-02T05:33:11Z,/api/r/url,70,403
2025-02-14T12:02:34Z,/api/r/url,57,304
2025-03-01T08:24:57Z,/api/data,88,403
2025-07-09T16:33:54Z,/api/url,39,304
2025-06-29T08:03:28Z,/api/data,67,403
2025-08-17T05:16:24Z,/api/r/url,54,304
2025-02-02T12:37:16Z,/api/data,56,403
2025-12-12T12:39:49Z,/home,31,304
2025-02-15T18:23:43Z,/api/url,42,401
2025-10-10T14:43:47Z,/api/r/url,71,403
2025-05-25T19:49:23Z,/profile,77,403
2025-08-07T14:16:04Z,/api/url,63,304
2025-12-15T00:35:28Z,/home,52,500
2025-11-19T12:57:44Z,/profile,77,500
2025-04-24T21:49:47Z,/home,74,401
2025-12-07T03:15:17Z,/profile,75,401
2025-09-20T18:49:28Z,/api/r/url,41,200
2025-12-09T16:35:46Z,/api/data,66,500
2025-07-19T21:21:48Z,/login,92,200
2025-06-30T14:01:34Z,/api/data,58,200
2025-09-02T12:30:01Z,/profile,75,304
2025-01-25T21:05:14Z,/api/url,85,304
2025-12-10T14:07:52Z,/api/url,53,500
2025-10-09T09:56:13Z,/api/r/url,30,200
2025-03-09T21:19:39Z,/profile,32,401
2024-12-29T10:04:57Z,/login,56,401
2025-02-20T07:44:42Z,/home,44,403
2025-07-09T18:34:55Z,/api/r/url,90,401
2025-07-18T02:54:31Z,/api/r/url,55,304
2025-03-12T13:10:08Z,/api/data,90,304
2025-12-20T17:38:50Z,/api/url,34,401
2025-12-03T13:26:35Z,/login,98,401
2025-05-12T12:03:28Z,/api/url,97,500
2025-07-24T22:48:07Z,/home,92,403
2025-10-21T00:13:43Z,/api/r/url,92,304
2025-08-07T02:41:17Z,/login,99,500
2025-03-20T18:04:48Z,/api/r/url,51,500
2025-04-07T02:41:51Z,/api/url,47,401
2025-01-25T10:50:54Z,/api/r/url,79,500
2025-04-24T20:49:28Z,/login,71,403
2025-03-30T08:39:28Z,/home,40,403
2025-12-12T06:10:01Z,/home,85,401
2025-10-01T18:31:55Z,/home,71,401
2025-05-04T05:42:17Z,/login,32,304
2025-05-19T23:20:52Z,/login,64,500
2025-04-10T06:25:29Z,/api/r/url,66,403
2025-06-04T04:11:43Z,/home,44,500
2025-10-09T04:05:57Z,/api/r/url,83,401
2025-10-31T12:47:04Z,/home,68,401
2025-08-20T02:09:38Z,/home,79,401
2025-10-17T07:16:33Z,/api/url,75,500
2025-09-06T03:46:13Z,/profile,97,401
2025-07-28T23:47:11Z,/api/r/url,68,401
2025-03-09T09:59:04Z,/api/data,68,500
2025-05-02T04:00:54Z,/api/url,74,304
2025-03-01T08:26:01Z,/profile,92,200
2025-11-18T19:31:05Z,/api/url,31,200
2025-03-31T12:19:47Z,/api/data,59,500
2025-11-08T02:01:41Z,/api/url,86,403
2025-04-13T02:22:55Z,/login,37,304
2025-01-09T07:44:06Z,/home,57,403
2025-10-09T23:19:41Z,/api/url,71,403
2025-09-29T16:57:29Z,/api/data,73,403
2025-01-18T14:47:02Z,/login,86,200
2025-11-09T11:12:29Z,/api/r/url,50,500
2025-03-02T14:14:53Z,/api/url,76,500
2025-08-31T16:14:17Z,/login,76,403
2025-08-23T18:38:23Z,/profile,64,500
2025-06-07T22:04:43Z,/api/r/url,66,304
2025-05-24T12:10:07Z,/login,51,500
2025-12-15T01:59:14Z,/api/r/url,85,304
2025-01-20T04:14:06Z,/login,99,403
2025-06-19T21:05:26Z,/profile,96,401
2025-10-31T01:46:24Z,/home,83,401
2025-02-03T23:23:02Z,/login,42,500
2025-01-27T22:43:40Z,/api/url,60,304
2025-09-19T21:05:35Z,/login,68,500
2024-12-25T06:02:18Z,/api/data,56,500
2025-07-02T07:11:27Z,/profile,45,200
2025-08-12T16:13:41Z,/api/data,75,304
2025-01-16T20:53:36Z,/home,40,304
2025-01-10T11:51:30Z,/api/r/url,81,401
2025-10-03T16:32:55Z,/api/data,88,500
2025-12-21T13:49:39Z,/profile,48,403
2025-11-15T20:59:43Z,/api/url,69,200
2025-06-20T11:32:34Z,/api/data,92,304
2025-01-30T07:32:32Z,/profile,82,403
2025-10-09T20:25:40Z,/login,92,200
2024-12-25T14:52:13Z,/api/data,69,401
2025-12-05T09:55:14Z,/api/data,83,403
2025-01-18T06:36:46Z,/api/data,88,304
2025-08-04T19:01:25Z,/api/r/url,33,403
2025-08-22T00:13:54Z,/profile,89,403
2025-10-27T18:47:28Z,/api/url,97,304
2025-03-18T20:58:46Z,/api/data,60,403
2025-10-21T14:33:14Z,/api/data,97,401
2025-01-18T17:03:25Z,/api/url,32,304
2025-04-16T12:28:20Z,/home,48,401
2025-08-23T08:36:03Z,/profile,72,403
2025-05-19T16:59:05Z,/home,98,304
2025-05-29T03:22:18Z,/profile,85,500
2025-03-07T21:17:03Z,/profile,65,403
2025-10-20T13:25:37Z,/api/r/url,65,304
2025-08-23T00:04:07Z,/api/r/url,49,401
2025-10-17T13:47:33Z,/login,88,401
2025-03-04T03:11:59Z,/home,31,200
2025-07-28T01:13:27Z,/profile,50,304
2025-08-05T22:43:16Z,/api/data,71,200
2025-12-05T06:22:11Z,/login,55,401
2025-11-12T19:18:48Z,/api/url,68,500
2025-07-01T14:10:08Z,/login,85,401
2025-05-18T22:01:34Z,/api/r/url,33,304
2025-08-17T18:03:38Z,/profile,66,200
2025-08-02T23:32:17Z,/api/r/url,70,200
2025-03-28T11:25:43Z,/home,61,304
2025-11-09T07:02:10Z,/api/url,63,403
2025-12-04T15:54:43Z,/api/r/url,39,401
2025-05-13T15:48:40Z,/api/data,69,200
2025-08-16T12:23:34Z,/home,93,304
2025-06-24T00:12:02Z,/api/url,31,401
2025-12-09T21:11:24Z,/api/data,41,403
2025-01-02T12:24:32Z,/login,78,304
2025-04-24T04:49:43Z,/profile,38,200
2025-07-13T22:56:35Z,/api/url,67,304
2025-05-06T08:39:15Z,/api/r/url,69,500
2025-05-05T09:06:26Z,/home,87,403
2025-07-08T22:19:55Z,/profile,79,200
2025-06-03T23:04:36Z,/home,59,403
2025-02-10T05:50:13Z,/home,97,304
2025-01-12T15:45:03Z,/login,92,200
2025-01-30T13:41:59Z,/profile,94,304
2025-05-13T23:22:58Z,/api/data,70,200
2025-06-15T14:32:05Z,/api/r/url,83,401
2025-01-08T13:57:40Z,/home,42,403
2025-07-16T15:39:00Z,/api/data,30,401
2025-08-06T05:49:13Z,/api/r/url,82,401
2025-11-24T17:16:22Z,/home,70,403
2025-01-24T02:18:58Z,/api/r/url,59,304
2025-02-13T23:26:55Z,/login,54,304
2025-08-30T00:44:04Z,/home,71,500
2025-03-27T00:55:19Z,/login,72,500
2025-11-27T03:20:29Z,/login,77,500
2025-06-10T23:58:55Z,/home,63,304
2025-08-26T12:03:32Z,/login,85,401
2025-02-16T12:04:20Z,/login,32,304
2025-12-19T04:36:22Z,/profile,65,500
2025-01-03T13:51:26Z,/api/data,52,500
2025-06-23T10:05:44Z,/api/url,30,403
2025-05-22T08:36:38Z,/api/url,61,500
2025-03-11T09:03:42Z,/profile,50,304
2025-01-02T05:37:00Z,/api/data,32,403
2025-03-15T06:09:43Z,/home,39,200
2025-11-04T22:11:54Z,/api/url,96,200
2025-01-16T08:53:00Z,/api/data,99,500
2025-05-30T01:24:37Z,/home,92,401
2025-11-21T04:42:12Z,/login,73,403
2025-08-18T05:11:01Z,/login,32,500
2025-04-17T00:35:20Z,/api/data,31,401
2025-07-17T15:19:22Z,/profile,82,500
2025-10-22T21:13:33Z,/api/data,52,200
2025-06-22T17:33:43Z,/profile,48,200
2025-06-01T15:55:03Z,/home,54,304
2025-04-22T13:31:29Z,/home,63,500
2025-05-01T08:16:20Z,/login,91,403
2025-05-17T07:57:35Z,/home,32,403
2025-06-24T22:09:00Z,/api/data,71,200
2025-03-09T23:45:04Z,/api/data,32,500
2025-04-28T14:32:53Z,/api/url,60,500
2025-06-14T16:17:05Z,/profile,79,200
2024-12-30T15:16:50Z,/profile,81,200
2025-11-11T20:21:08Z,/profile,92,500
2025-10-06T13:57:47Z,/api/r/url,79,500
2025-02-25T11:32:40Z,/profile,86,304
2025-09-07T11:51:55Z,/profile,77,304
2025-01-02T00:59:35Z,/api/data,44,403
2025-09-14T00:23:02Z,/home,100,403
2025-12-15T17:57:47Z,/login,36,500
2025-06-23T19:22:44Z,/login,52,200
2025-12-17T21:40:50Z,/profile,75,500
2025-09-12T15:06:48Z,/home,97,500
2025-01-08T06:01:52Z,/profile,94,200
2025-08-02T03:15:30Z,/profile,91,500
2025-06-28T02:37:06Z,/login,72,403
2025-08-12T18:50:49Z,/api/r/url,86,401
2025-09-20T21:52:58Z,/api/data,39,200
2025-03-27T18:22:13Z,/api/r/url,35,403
2025-03-22T11:51:17Z,/home,42,200
2025-01-12T13:59:04Z,/api/data,93,403
2025-06-25T18:52:10Z,/profile,54,401
2025-12-09T08:35:30Z,/api/r/url,91,403
2025-10-03T18:54:22Z,/api/data,72,304
2025-08-27T00:57:29Z,/api/r/url,99,500
2025-05-06T03:52:58Z,/profile,46,500
2025-06-06T10:45:54Z,/profile,78,401
2025-04-09T01:05:35Z,/api/data,77,200
2025-04-02T21:09:09Z,/home,86,500
2025-06-12T06:08:11Z,/profile,76,403
2025-06-12T12:09:18Z,/profile,75,200
2025-07-19T02:14:49Z,/api/r/url,90,500
2025-09-04T01:27:49Z,/home,46,403
2025-02-16T16:52:56Z,/api/r/url,48,500
2025-08-18T02:09:29Z,/api/r/url,89,304
2025-06-29T02:45:25Z,/home,84,500
2025-03-11T20:55:53Z,/api/data,67,304
2025-01-26T13:05:06Z,/profile,69,200
2025-08-05T00:06:50Z,/api/url,87,500
2025-02-07T07:15:11Z,/api/r/url,76,200
2025-11-30T05:23:54Z,/api/r/url,70,200
2025-04-12T22:47:47Z,/login,69,304
2025-09-20T14:42:04Z,/login,83,401
2024-12-31T14:55:49Z,/profile,62,403
2025-04-26T02:04:06Z,/api/url,96,200
2025-10-31T06:50:49Z,/api/r/url,77,200
2025-11-27T16:54:12Z,/api/url,81,401
2025-01-07T13:42:30Z,/api/url,65,200
2025-01-09T18:57:03Z,/home,55,500
2025-03-22T19:34:04Z,/home,71,200
2025-01-22T14:36:41Z,/profile,32,304
2024-12-23T15:48:45Z,/home,83,403
2025-04-17T02:43:10Z,/api/data,43,401
2025-02-19T16:38:09Z,/api/url,73,401
2025-05-08T15:54:33Z,/profile,58,401
2025-06-03T09:29:34Z,/home,41,200
2025-12-18T20:59:57Z,/profile,78,200
2025-07-30T16:49:02Z,/api/url,37,500
2025-09-27T15:43:27Z,/profile,79,500
2025-06-30T16:23:47Z,/profile,66,403
2025-07-31T12:14:47Z,/api/r/url,58,200
2025-01-18T21:11:48Z,/api/url,59,200
2025-02-14T19:56:43Z,/api/r/url,73,401
2025-03-06T08:13:06Z,/profile,69,304
2025-10-21T12:26:52Z,/api/r/url,40,304
2025-06-06T15:08:52Z,/profile,62,401
2025-09-30T13:12:35Z,/profile,65,401
2025-01-18T04:28:58Z,/api/url,49,200
2025-11-16T22:18:28Z,/login,68,401
2025-08-06T03:59:48Z,/home,51,304
2025-11-04T01:49:07Z,/api/r/url,59,200
2025-11-23T04:58:26Z,/login,32,200
2025-03-18T03:44:59Z,/api/data,55,403
2025-05-06T15:43:20Z,/api/r/url,72,200
2025-09-18T03:27:50Z,/api/url,89,304
2025-01-27T17:36:13Z,/profile,61,401
2025-10-19T10:39:29Z,/login,82,500
2025-06-06T15:38:47Z,/api/r/url,71,401
2025-11-12T09:38:21Z,/api/data,89,200
2025-08-25T20:30:49Z,/login,48,403
2025-08-14T03:06:36Z,/api/url,99,304
2025-05-13T05:23:08Z,/api/url,37,403
2025-02-12T12:44:15Z,/profile,68,200
2025-01-07T04:42:37Z,/login,53,500
2025-02-20T10:49:13Z,/api/r/url,37,403
2025-04-10T19:17:03Z,/login,65,304
2025-10-27T03:39:48Z,/api/data,96,403
2025-05-16T07:33:40Z,/home,40,200
2025-06-16T13:51:44Z,/login,70,200
2025-03-11T05:18:36Z,/api/data,50,500
2025-11-12T16:35:20Z,/api/url,30,403
2025-11-18T22:05:47Z,/login,79,401
2025-02-27T08:26:50Z,/profile,88,403
2025-02-16T23:48:58Z,/home,41,401
2025-10-29T05:37:33Z,/api/data,90,500
2025-11-27T23:05:30Z,/api/url,30,401
2025-07-30T07:10:08Z,/home,73,200
2025-09-21T17:14:34Z,/login,81,200
2025-10-10T15:31:41Z,/login,81,500
2025-10-28T23:49:31Z,/profile,63,401
2025-08-18T00:43:34Z,/api/r/url,62,403
2025-06-04T05:50:31Z,/profile,38,403
2025-10-25T09:35:16Z,/api/data,48,304
2025-11-27T08:42:27Z,/login,62,500
2025-09-04T21:40:10Z,/home,70,500
2025-08-25T16:16:29Z,/login,58,401
2025-06-25T17:12:14Z,/api/url,43,200
2025-08-07T02:41:53Z,/login,94,401
2025-06-09T11:41:10Z,/home,34,500
2025-09-12T00:13:00Z,/api/data,50,200
2025-05-17T06:44:25Z,/login,86,401
2025-05-29T11:16:41Z,/login,47,200
2025-06-30T22:08:56Z,/profile,57,500
2025-03-19T12:16:15Z,/home,90,304
2025-12-11T06:29:59Z,/home,57,401
2025-11-29T04:31:58Z,/login,56,403
2025-07-25T16:39:08Z,/api/url,89,200
2025-09-04T09:17:51Z,/home,33,500
2025-03-08T12:01:03Z,/profile,74,401
2025-12-21T22:05:27Z,/api/r/url,44,401
2025-09-13T08:35:07Z,/profile,93,401
2025-11-24T07:57:01Z,/home,56,500
2025-05-19T12:55:52Z,/login,93,500
2024-12-25T22:38:33Z,/api/url,71,200
2025-02-15T05:42:39Z,/profile,73,200
2025-04-01T05:07:57Z,/api/r/url,94,500
2025-03-12T16:45:13Z,/profile,81,401
2025-08-22T22:52:29Z,/login,75,500
2025-07-24T00:55:27Z,/api/url,79,403
2025-01-05T13:08:31Z,/api/r/url,33,500
2025-03-21T17:27:34Z,/api/r/url,96,304
2025-10-02T23:52:24Z,/home,58,500
2025-01-11T18:50:39Z,/home,60,401
2025-02-14T17:21:22Z,/api/data,85,401
2025-07-09T00:26:24Z,/profile,64,401
2025-10-27T20:19:23Z,/api/data,98,403
2025-09-09T07:57:52Z,/home,74,401
2025-02-07T03:01:24Z,/home,96,401
2025-06-15T23:25:31Z,/api/url,33,401
2025-04-08T09:29:30Z,/api/data,63,500
2025-01-27T12:59:30Z,/login,55,304
2025-09-25T12:34:03Z,/home,47,500
2025-09-30T00:18:08Z,/api/r/url,34,304
2025-06-14T23:05:07Z,/home,61,304
2025-04-11T22:11:11Z,/api/r/url,84,200
2025-07-29T14:05:29Z,/profile,67,304
2025-03-13T13:32:20Z,/profile,55,403
2025-04-04T15:33:48Z,/api/data,76,500
2025-08-10T00:05:14Z,/api/r/url,93,304
2025-07-26T09:24:28Z,/profile,87,500
2025-06-09T08:20:18Z,/login,74,500
2025-01-22T05:50:20Z,/api/r/url,51,304
2025-08-15T06:26:21Z,/api/data,42,403
2025-07-01T22:39:25Z,/home,53,500
2025-04-02T07:52:14Z,/profile,79,304
2025-06-04T05:49:06Z,/api/data,91,304
2025-10-30T12:25:12Z,/home,76,401
2025-09-03T09:18:09Z,/api/url,72,304
2025-07-12T17:43:49Z,/api/r/url,65,500
2025-06-25T19:20:35Z,/home,93,304
2025-12-04T22:18:11Z,/api/url,40,403
2025-04-11T17:57:39Z,/api/url,75,401
2024-12-31T02:22:24Z,/api/r/url,86,304
2025-06-01T00:54:57Z,/api/r/url,35,304
2025-10-25T10:51:00Z,/api/url,85,500
2025-06-22T20:08:03Z,/api/data,82,500
2025-12-09T10:10:30Z,/home,37,304
2025-08-17T00:21:24Z,/api/url,40,304
2025-04-03T16:49:43Z,/api/data,74,304
2025-03-24T16:46:32Z,/login,95,200
2025-04-13T04:54:13Z,/profile,30,401
2024-12-29T19:04:17Z,/profile,58,304
2025-01-26T19:12:54Z,/api/data,43,304
2025-07-21T04:53:34Z,/home,64,304
2025-03-05T06:28:19Z,/api/url,79,403
2024-12-27T00:38:23Z,/profile,41,200
2025-04-05T15:47:38Z,/profile,59,403
2025-07-22T00:22:20Z,/profile,42,500
2025-12-13T09:06:56Z,/login,50,500
2025-08-08T12:25:40Z,/home,82,403
2025-11-25T17:13:39Z,/api/data,95,500
2025-09-28T08:49:44Z,/login,37,200
2025-10-26T12:23:40Z,/home,80,304
2025-04-25T20:12:00Z,/api/data,48,500
2025-01-05T20:49:14Z,/api/r/url,74,403
2025-04-20T18:13:54Z,/profile,52,500
2025-11-05T10:51:14Z,/profile,63,200
2025-09-05T18:02:12Z,/api/data,58,401
2025-11-12T20:23:39Z,/api/r/url,84,403
2025-02-12T02:43:38Z,/login,64,200
2025-01-30T06:39:39Z,/api/data,38,403
2025-07-25T15:22:50Z,/api/data,100,403
2025-07-02T10:56:42Z,/profile,68,304
2025-01-04T03:57:28Z,/login,44,401
2025-10-16T20:11:24Z,/login,64,403
2025-12-08T10:53:23Z,/login,86,500
2024-12-24T10:46:01Z,/profile,62,200
2025-07-14T07:02:47Z,/api/r/url,43,200
2025-08-26T17:28:15Z,/profile,84,200
2025-01-01T07:30:20Z,/login,38,403
2025-03-29T11:57:18Z,/home,96,401
2025-04-29T21:14:18Z,/profile,94,200
2025-10-28T10:30:27Z,/home,58,304
2025-05-04T22:51:06Z,/login,83,500
2025-11-26T21:26:20Z,/login,67,200
2025-10-05T03:24:05Z,/api/url,93,500
2025-08-09T15:32:04Z,/home,72,200
2025-01-14T22:28:53Z,/api/url,90,500
2025-05-04T09:17:57Z,/profile,62,200
2025-07-02T20:22:33Z,/api/data,81,500
2025-06-30T12:25:46Z,/profile,51,401
2025-09-08T03:22:28Z,/profile,82,403
2025-05-14T06:08:15Z,/home,85,304
2025-11-27T14:16:01Z,/profile,86,500
2025-01-30T18:33:47Z,/api/r/url,94,500
2025-11-12T08:51:22Z,/profile,93,200
2025-12-15T02:51:42Z,/login,73,200
2025-11-16T03:46:31Z,/api/url,37,403
2025-01-24T00:51:55Z,/home,39,500
2025-12-05T03:47:38Z,/api/r/url,83,500
2025-08-08T11:22:19Z,/login,86,401
2025-09-08T04:18:43Z,/login,68,403
2025-04-22T22:01:54Z,/home,39,200
2025-02-05T15:21:23Z,/api/r/url,50,200
2025-07-31T22:38:56Z,/profile,83,401
2025-08-28T19:11:34Z,/api/url,61,401
2025-10-12T00:43:23Z,/api/url,80,403
2025-05-03T05:40:38Z,/profile,62,304
2025-10-03T03:42:34Z,/api/data,70,200
2025-09-11T08:49:40Z,/home,42,200
2025-08-28T10:21:10Z,/api/data,79,401
2025-06-10T08:47:09Z,/profile,61,500
2025-12-12T15:15:53Z,/profile,30,401
2025-01-28T09:29:09Z,/home,69,401
2025-10-29T17:53:44Z,/profile,47,401
2025-12-18T00:20:53Z,/api/data,43,200
2025-01-28T11:39:26Z,/profile,50,500
2025-07-06T10:48:23Z,/api/data,98,403
2025-07-02T07:51:55Z,/profile,34,200
2025-09-13T16:29:35Z,/login,76,500
2024-12-23T09:40:38Z,/api/url,96,403
2025-06-27T14:12:42Z,/profile,39,403
2025-09-01T03:19:32Z,/api/url,71,401
2025-06-29T18:47:43Z,/api/url,70,304
2025-03-30T19:40:09Z,/api/r/url,89,304
2025-03-04T05:48:17Z,/home,31,304
2025-02-10T00:23:10Z,/profile,31,401
2025-02-11T08:20:56Z,/api/data,51,200
2025-04-14T14:43:10Z,/profile,52,200
2025-01-21T00:25:21Z,/api/data,46,403
2025-08-30T03:49:13Z,/api/data,99,403
2025-06-24T09:42:30Z,/api/r/url,88,200
2025-03-21T05:25:53Z,/api/data,51,401
2025-07-19T15:00:52Z,/api/data,93,304
2025-07-30T11:58:06Z,/login,30,403
2025-05-03T06:51:39Z,/login,32,401
2025-04-12T04:16:25Z,/api/r/url,73,401
2025-12-02T15:42:32Z,/api/url,82,500
2025-12-02T12:35:03Z,/api/data,80,403
2025-03-29T07:50:35Z,/api/r/url,98,403
2025-03-24T22:07:58Z,/home,59,401
2025-04-18T15:42:44Z,/api/url,98,200
2025-03-20T16:25:50Z,/profile,42,401
2025-12-19T11:36:52Z,/profile,94,401
2025-06-27T05:10:15Z,/api/data,87,401
2025-09-23T12:59:22Z,/api/url,37,403
2025-05-01T02:40:07Z,/profile,85,200
2025-06-07T10:42:33Z,/api/r/url,48,401
2025-01-10T14:34:53Z,/api/data,86,401
2025-06-02T00:47:40Z,/home,63,500
2025-01-22T04:00:04Z,/api/data,63,403
2025-02-10T16:24:11Z,/api/data,32,200
2025-06-10T00:14:19Z,/api/data,70,401
2025-05-18T03:16:07Z,/api/data,49,403
2025-07-07T08:43:48Z,/api/url,33,403
2025-09-10T15:31:30Z,/profile,58,401
2025-12-15T20:08:56Z,/api/data,54,304
2025-02-03T09:22:53Z,/api/data,86,403
2025-04-05T02:51:50Z,/api/url,94,304
2025-08-07T12:44:55Z,/api/data,64,403
2025-09-13T19:18:21Z,/api/r/url,93,403
2025-07-20T16:40:35Z,/login,43,403
2025-03-01T18:08:31Z,/api/url,93,500
2025-10-30T09:59:20Z,/profile,57,403
2025-05-20T22:14:14Z,/api/url,70,500
2025-12-12T18:15:58Z,/api/data,91,401
2025-07-28T06:21:47Z,/api/data,54,304
2025-09-03T21:25:34Z,/api/data,80,200
2025-05-12T01:45:37Z,/api/r/url,93,403
2025-12-17T12:45:46Z,/profile,85,500
2025-09-04T15:23:48Z,/api/data,78,403
2025-11-18T12:58:38Z,/api/url,85,403
2025-11-08T23:47:15Z,/home,38,401
2025-07-27T23:25:53Z,/api/url,76,403
2025-09-17T21:06:52Z,/api/data,71,304
2025-11-07T14:18:06Z,/api/r/url,45,304
2025-04-17T08:35:58Z,/api/data,86,200
2025-06-12T00:17:44Z,/api/url,53,401
2025-09-08T13:01:20Z,/home,62,200
2025-09-23T01:22:26Z,/api/r/url,38,500
2025-06-19T04:40:35Z,/home,88,500
2025-04-01T10:06:40Z,/profile,68,500
2025-05-02T13:41:49Z,/login,55,200
2025-03-31T22:26:17Z,/api/r/url,62,500
2025-04-04T18:14:58Z,/api/r/url,40,401
2025-06-22T20:11:20Z,/api/data,61,403
2025-08-25T17:15:34Z,/api/url,85,401
2025-09-12T15:46:00Z,/profile,46,500
2025-04-13T07:05:58Z,/api/url,80,401
2025-07-02T02:30:07Z,/login,93,403
2025-10-14T01:51:08Z,/login,45,500
2025-09-12T11:28:11Z,/api/data,59,401
2025-07-06T01:38:52Z,/api/url,99,403
2025-12-21T09:31:43Z,/api/r/url,68,401
2025-02-07T04:09:23Z,/login,46,403
2025-11-03T15:27:17Z,/login,97,200
2025-06-30T06:55:50Z,/api/data,60,403
2025-01-31T21:39:15Z,/api/r/url,49,401
2025-09-22T22:32:44Z,/api/r/url,40,401
2025-03-22T20:28:32Z,/profile,91,401
2025-11-19T09:53:19Z,/home,46,304
2025-08-12T00:45:34Z,/api/r/url,44,200
2025-04-10T14:40:05Z,/home,84,500
2025-08-23T20:59:48Z,/profile,76,500
2025-03-02T13:37:54Z,/home,79,200
2025-08-02T16:25:03Z,/profile,99,403
2025-02-09T13:38:34Z,/home,31,200
2025-10-25T17:13:50Z,/home,55,401
2025-01-12T07:22:03Z,/login,98,200
2025-08-23T18:04:39Z,/api/r/url,32,401
2025-10-14T12:56:50Z,/login,54,401
2025-03-04T16:17:30Z,/login,40,500
2025-12-02T00:49:20Z,/profile,97,401
2025-01-28T10:57:40Z,/api/url,55,401
2025-09-28T00:00:44Z,/api/data,31,403
2025-04-08T15:27:13Z,/login,72,500
2025-01-24T01:23:06Z,/api/r/url,44,200
2025-01-03T03:51:06Z,/api/url,57,403
2025-05-15T09:09:58Z,/home,66,401
2025-05-17T11:39:14Z,/home,98,200
2025-10-19T11:07:22Z,/api/url,96,500
2025-11-07T05:27:30Z,/api/r/url,85,403
2025-05-09T04:05:55Z,/api/r/url,98,304
2025-01-21T17:39:48Z,/profile,66,200
2025-09-08T14:55:24Z,/home,66,500
2025-02-26T08:19:06Z,/home,38,401
2025-11-08T13:49:43Z,/api/data,42,200
2025-05-12T17:38:26Z,/home,60,401
2025-05-01T13:07:33Z,/home,77,304
2025-12-01T13:17:31Z,/api/url,58,401
2025-11-24T11:39:03Z,/api/data,95,500
2025-11-07T05:54:10Z,/login,58,401
2025-03-31T07:13:35Z,/api/url,65,500
2025-07-10T00:11:02Z,/login,45,403
2025-02-05T20:53:23Z,/api/r/url,68,403
2025-04-25T10:29:28Z,/api/r/url,96,401
2024-12-30T21:14:11Z,/api/r/url,76,304
2025-05-07T18:58:22Z,/api/url,48,200
2025-12-02T06:50:04Z,/api/url,35,500
2025-04-21T16:14:12Z,/api/url,85,403
2025-01-08T23:20:06Z,/api/data,71,403
2025-02-07T16:39:30Z,/api/r/url,54,403
2025-07-11T10:56:13Z,/profile,44,403
2025-05-26T06:39:32Z,/profile,93,500
2025-03-26T11:44:56Z,/api/r/url,45,500
2025-05-30T05:10:07Z,/home,85,200
2025-05-25T20:29:33Z,/profile,68,500
2025-11-09T12:29:54Z,/api/r/url,76,403
2025-07-26T20:08:57Z,/api/r/url,99,500
2025-02-25T19:20:45Z,/api/r/url,82,403
2025-05-25T08:11:56Z,/api/data,81,304
2025-11-07T16:20:58Z,/api/r/url,85,403
2025-12-09T00:39:18Z,/home,93,500
2025-09-09T18:39:07Z,/api/url,71,403
2025-02-16T12:23:35Z,/api/url,39,401
2025-03-16T23:31:18Z,/profile,65,403
2025-07-17T13:18:39Z,/profile,70,200
2025-07-14T07:16:43Z,/api/data,40,304
2025-05-14T22:11:28Z,/api/r/url,77,403
2025-09-26T21:16:18Z,/api/url,92,401
2025-06-28T09:51:35Z,/profile,96,403
2025-11-10T22:06:05Z,/profile,59,401
2025-06-21T03:11:01Z,/api/r/url,34,401
2025-10-14T17:56:57Z,/home,97,200
2025-02-20T02:47:49Z,/profile,67,500
2025-05-03T07:57:33Z,/api/r/url,34,500
2025-11-23T08:46:38Z,/api/r/url,100,401
2025-05-30T05:40:33Z,/profile,72,304
2025-10-10T13:21:01Z,/api/url,47,304
2025-09-16T21:15:32Z,/home,68,401
2025-09-30T19:35:14Z,/profile,35,403
2025-06-22T21:45:39Z,/profile,86,403
2025-05-04T21:13:06Z,/profile,62,200
2025-03-12T10:27:57Z,/api/r/url,78,500
2025-09-13T15:33:12Z,/api/r/url,66,500
2025-03-18T16:58:37Z,/api/data,42,403
2025-02-22T03:00:54Z,/api/url,43,403
2025-11-27T12:21:59Z,/home,57,304
